cve,audience_total,posts_total,last_tweet_datetime
CVE-1999-0502,257,1,2024-02-04T11:51:44
CVE-1999-0524,180,1,2024-05-02T23:19:55
CVE-2000-0884,8029,1,2024-04-25T14:38:55
CVE-2001-0572,632,1,2024-07-01T12:03:46
CVE-2002-20001,134,1,2024-05-05T11:09:52
CVE-2003-0358,10439,2,2024-05-26T02:26:40
CVE-2006-4304,24052,97,2024-05-30T10:28:17
CVE-2006-5051,799,7,2024-07-04T11:32:10
CVE-2007-0038,34482,1,2024-06-13T13:46:48
CVE-2007-0087,265,1,2024-04-03T19:31:34
CVE-2007-1754,5057,2,2024-06-09T05:56:56
CVE-2008-0166,994,7,2024-05-24T07:59:54
CVE-2008-3844,145,1,2024-04-22T06:42:35
CVE-2008-4109,86,3,2024-07-03T06:00:25
CVE-2010-1320,701,1,2024-04-02T10:02:09
CVE-2010-2568,19,1,2024-04-05T19:57:17
CVE-2010-5137,3800,2,2024-06-17T10:31:10
CVE-2010-5139,1421,14,2024-06-25T14:17:19
CVE-2011-1002,179,1,2024-03-18T16:09:24
CVE-2011-2462,1,1,2024-04-20T22:09:56
CVE-2011-2483,266,1,2024-04-20T05:32:37
CVE-2011-2523,120,1,2024-03-27T16:20:33
CVE-2012-0158,369,1,2024-04-19T21:38:31
CVE-2012-1182,267,1,2024-03-10T08:20:27
CVE-2012-1823,2062,1,2024-06-07T05:28:25
CVE-2012-6096,8,1,2024-02-22T18:17:59
CVE-2013-6117,224,1,2024-04-25T13:12:11
CVE-2014-0160,4044,8,2024-03-16T09:31:29
CVE-2014-100005,915754,7,2024-06-06T15:19:17
CVE-2014-3570,68977,1,2024-05-27T22:50:44
CVE-2014-4078,27982,21,2024-03-09T22:28:47
CVE-2014-4378,1042,1,2024-02-12T00:40:05
CVE-2014-8361,31,1,2024-07-03T00:35:59
CVE-2014-9296,142,1,2024-04-26T16:51:27
CVE-2014-9485,12985,1,2024-02-11T19:00:58
CVE-2015-2051,1061,1,2024-05-03T14:16:33
CVE-2015-3306,353,1,2024-02-26T16:16:11
CVE-2015-7835,126053,2,2024-04-06T03:06:34
CVE-2015-7852,142,1,2024-04-26T16:51:27
CVE-2015-7979,142,1,2024-04-26T16:51:27
CVE-2016-0040,42473,2,2024-06-07T20:31:44
CVE-2016-5284,1,101,2024-03-29T11:38:37
CVE-2016-6187,109,1,2024-05-26T21:25:21
CVE-2017-0199,372,2,2024-06-09T20:11:04
CVE-2017-11882,187167,11,2024-06-29T03:54:29
CVE-2017-12617,1523,1,2024-06-26T20:42:37
CVE-2017-15361,1160,1,2024-05-12T01:50:03
CVE-2017-17215,68,1,2024-04-23T00:06:08
CVE-2017-3506,991,18,2024-07-08T14:35:03
CVE-2017-5638,286,1,2024-04-25T08:01:55
CVE-2017-6742,8,2,2024-04-21T13:13:27
CVE-2017-7577,500,2,2024-04-24T09:19:29
CVE-2017-8295,307,1,2024-04-03T16:25:35
CVE-2017-8620,46,1,2024-03-24T19:19:35
CVE-2017-8824,379,1,2024-02-27T18:02:24
CVE-2018-0886,94,1,2024-02-08T16:37:06
CVE-2018-12826,74,1,2024-04-22T06:00:46
CVE-2018-13379,37,2,2024-05-26T16:40:54
CVE-2018-17144,175,1,2024-04-10T06:05:26
CVE-2018-20062,997,6,2024-06-08T23:30:19
CVE-2018-20817,10615,1,2024-03-18T04:32:27
CVE-2018-4233,831,3,2024-06-02T04:07:43
CVE-2018-8174,234,1,2024-02-26T00:12:56
CVE-2018-9995,29482,6,2024-03-24T12:56:11
CVE-2019-0567,11154,16,2024-06-06T02:35:21
CVE-2019-0708,25,1,2024-02-08T20:29:43
CVE-2019-1010287,243,1,2024-02-08T20:28:05
CVE-2019-1019,48,1,2024-04-03T04:28:42
CVE-2019-1040,152,1,2024-04-02T22:50:58
CVE-2019-11358,272,1,2024-03-20T07:28:40
CVE-2019-1161,90,1,2024-05-19T20:54:01
CVE-2019-12384,10,1,2024-03-04T20:29:26
CVE-2019-14974,568,4,2024-06-07T04:46:24
CVE-2019-19006,790,1,2024-05-12T17:50:44
CVE-2019-19534,3084,1,2024-03-07T07:18:08
CVE-2019-2198,201,1,2024-02-25T09:41:22
CVE-2019-25210,1107,1,2024-03-04T21:28:54
CVE-2019-2703,2113,8,2024-05-05T10:55:23
CVE-2019-3396,8,1,2024-02-22T18:17:29
CVE-2019-5736,356,2,2024-02-06T00:19:57
CVE-2019-5786,10711,1,2024-04-07T20:15:56
CVE-2019-7256,8410,8,2024-03-26T14:16:10
CVE-2019-7609,2042,1,2024-02-20T21:06:40
CVE-2019-8761,24,1,2024-04-29T17:52:05
CVE-2020-0601,693,1,2024-03-20T20:12:24
CVE-2020-0787,192,1,2024-03-10T13:28:00
CVE-2020-0796,108,4,2024-07-03T19:36:54
CVE-2020-11023,5,1,2024-02-11T04:53:46
CVE-2020-13379,191,1,2024-04-04T16:10:40
CVE-2020-1350,2757,1,2024-03-11T21:47:16
CVE-2020-13935,26,1,2024-04-13T18:11:31
CVE-2020-13965,30728,7,2024-06-29T03:02:56
CVE-2020-1472,900,1,2024-03-01T17:15:03
CVE-2020-14938,41189,5,2024-07-02T13:33:30
CVE-2020-16040,4603,9,2024-04-11T08:10:30
CVE-2020-17049,40,1,2024-03-16T06:46:09
CVE-2020-17519,3551,14,2024-06-12T00:28:00
CVE-2020-2096,220,2,2024-02-26T08:42:31
CVE-2020-28343,641,7,2024-06-19T02:38:45
CVE-2020-3259,940167,22,2024-02-26T01:34:41
CVE-2020-35489,8,1,2024-02-18T06:24:59
CVE-2020-3580,738,3,2024-02-11T16:47:38
CVE-2020-36242,1520,1,2024-03-29T09:31:36
CVE-2020-36788,3343,1,2024-05-24T22:01:39
CVE-2020-6007,326,1,2024-04-28T08:17:37
CVE-2020-8597,34,1,2024-03-31T13:09:47
CVE-2020-9715,1562,1,2024-04-01T20:03:38
CVE-2021-0229,546,1,2024-06-06T22:01:39
CVE-2021-0399,233,7,2024-04-19T01:30:23
CVE-2021-1675,158,1,2024-03-30T10:55:04
CVE-2021-1730,345,1,2024-03-12T21:54:40
CVE-2021-1732,2578,1,2024-06-18T17:16:51
CVE-2021-21974,17,1,2024-07-07T00:23:30
CVE-2021-22555,42,1,2024-03-22T08:32:32
CVE-2021-23017,1092,38,2024-03-10T06:28:03
CVE-2021-24027,48510,5,2024-05-01T07:40:36
CVE-2021-24917,243,2,2024-02-10T01:08:46
CVE-2021-25252,386,1,2024-05-15T01:32:36
CVE-2021-26708,716,1,2024-06-01T06:06:17
CVE-2021-26723,60,1,2024-02-24T19:55:33
CVE-2021-26876,1396,1,2024-06-12T17:55:59
CVE-2021-27365,48712,8,2024-02-01T16:32:07
CVE-2021-28481,51679,1,2024-04-24T18:58:32
CVE-2021-30481,24678,27,2024-03-20T00:56:12
CVE-2021-30551,211,3,2024-02-22T13:29:21
CVE-2021-31153,111,1,2024-04-19T09:40:01
CVE-2021-3156,47,1,2024-03-28T01:42:00
CVE-2021-31630,48,1,2024-03-24T20:05:13
CVE-2021-31985,1041,1,2024-05-15T09:34:53
CVE-2021-3345,978,4,2024-03-02T09:47:02
CVE-2021-3438,218,1,2024-02-25T12:11:36
CVE-2021-34429,243,1,2024-02-10T01:08:37
CVE-2021-34462,1041,1,2024-05-15T09:34:49
CVE-2021-34527,5592,7,2024-07-01T09:48:26
CVE-2021-3490,2904,1,2024-04-28T22:08:46
CVE-2021-35394,393,1,2024-04-28T14:00:22
CVE-2021-37580,72,1,2024-05-04T15:02:19
CVE-2021-38759,2870,1,2024-04-21T13:58:44
CVE-2021-4034,503,2,2024-04-12T19:31:07
CVE-2021-40444,36968,5,2024-06-28T11:11:08
CVE-2021-40539,147453,1,2024-01-08T11:26:41
CVE-2021-41773,76,2,2024-06-21T15:07:38
CVE-2021-42574,259,2,2024-02-24T08:10:46
CVE-2021-43798,1404,4,2024-03-19T07:37:28
CVE-2021-43891,8300,1,2024-07-08T15:21:32
CVE-2021-44228,438,26,2024-05-09T11:40:48
CVE-2021-4436,25273,1,2024-03-04T16:41:08
CVE-2021-44529,384,4,2024-03-26T09:24:40
CVE-2021-44790,48,1,2024-04-22T22:53:12
CVE-2021-44832,835,2,2024-06-02T18:21:19
CVE-2021-46957,1275,1,2024-02-29T04:53:33
CVE-2022-0001,670,3,2024-06-05T17:14:03
CVE-2022-0215,427,1,2024-03-02T17:05:45
CVE-2022-0409,1302,1,2024-06-09T00:06:03
CVE-2022-0412,56233,42,2024-03-23T20:54:45
CVE-2022-0415,18531,1,2024-05-28T23:25:42
CVE-2022-0435,3750,2,2024-02-25T19:51:38
CVE-2022-0847,2714,2,2024-03-31T00:27:49
CVE-2022-1034,22181,1,2024-05-24T18:06:36
CVE-2022-1040,169,7,2024-02-16T20:22:37
CVE-2022-1388,308,1,2024-05-13T10:52:11
CVE-2022-1786,11414,13,2024-02-11T03:19:56
CVE-2022-21371,37773,2,2024-03-05T05:16:19
CVE-2022-21894,665,2,2024-04-30T04:31:04
CVE-2022-22947,9678,4,2024-06-06T11:19:13
CVE-2022-22948,588,1,2024-06-21T19:43:22
CVE-2022-23829,217,3,2024-06-15T22:00:35
CVE-2022-24355,1437,3,2024-04-21T21:52:09
CVE-2022-24785,18676,4,2024-07-08T06:34:16
CVE-2022-24834,291,5,2024-06-13T01:48:12
CVE-2022-25664,43,6,2024-02-08T23:42:48
CVE-2022-2586,3937,9,2024-06-07T19:43:48
CVE-2022-26134,38,4,2024-03-17T12:55:57
CVE-2022-26377,48,5,2024-04-22T22:53:12
CVE-2022-26809,4895,4,2024-05-10T13:03:59
CVE-2022-26871,1007,1,2024-04-12T08:51:24
CVE-2022-27254,862,1,2024-03-25T19:57:54
CVE-2022-27255,19670,4,2024-03-07T02:25:14
CVE-2022-27666,13952,6,2024-02-21T04:18:26
CVE-2022-29404,48,1,2024-04-22T22:53:12
CVE-2022-30170,1063,1,2024-06-28T23:00:17
CVE-2022-30203,108744,5,2024-06-10T04:28:01
CVE-2022-30522,48,1,2024-04-22T22:53:12
CVE-2022-32250,460,4,2024-03-05T13:10:14
CVE-2022-32883,3715,1,2024-02-04T21:01:10
CVE-2022-32905,3715,1,2024-02-04T21:01:53
CVE-2022-33891,1068,2,2024-06-20T11:59:24
CVE-2022-35255,987,1,2024-04-17T04:34:51
CVE-2022-35405,41,3,2024-03-24T16:41:45
CVE-2022-35737,24409,13,2024-05-13T11:36:29
CVE-2022-3602,540,1,2024-04-18T16:22:28
CVE-2022-37450,2259,6,2024-02-21T03:27:01
CVE-2022-37958,95,2,2024-03-16T20:52:28
CVE-2022-37981,6814,3,2024-02-19T18:12:43
CVE-2022-3802,71,1,2024-04-23T08:04:08
CVE-2022-38028,2065,41,2024-07-04T09:09:49
CVE-2022-38034,8103,1,2024-04-24T19:42:14
CVE-2022-38694,2351,2,2024-06-02T13:41:24
CVE-2022-39227,18713,4,2024-02-27T23:29:17
CVE-2022-40735,134,1,2024-05-05T11:09:52
CVE-2022-41040,3156,3,2024-05-06T23:50:38
CVE-2022-41080,5,2,2024-03-16T14:40:15
CVE-2022-41082,3156,2,2024-05-06T23:51:05
CVE-2022-41091,25394,1,2024-03-24T12:58:21
CVE-2022-41741,283,1,2024-04-26T23:13:49
CVE-2022-42046,50509,4,2024-01-31T03:15:43
CVE-2022-42475,26505,25,2024-06-14T00:04:54
CVE-2022-4262,5938,44,2024-07-01T01:26:39
CVE-2022-42889,1,1,2024-06-03T06:25:13
CVE-2022-44228,49,1,2024-03-25T19:59:01
CVE-2022-44666,3024,1,2024-07-07T02:07:48
CVE-2022-44877,592,1,2024-06-08T04:24:10
CVE-2022-46689,263,50,2024-05-09T21:49:59
CVE-2022-47758,1360,8,2024-06-05T13:48:03
CVE-2022-47939,4169,5,2024-05-30T06:22:18
CVE-2022-4908,2096,2,2024-04-05T01:32:52
CVE-2023-0179,461,3,2024-06-26T20:19:15
CVE-2023-0266,2449,4,2024-03-10T20:07:51
CVE-2023-0297,304,1,2024-03-26T16:52:18
CVE-2023-0461,38,9,2024-02-18T14:19:57
CVE-2023-1289,4915,7,2024-06-30T06:34:39
CVE-2023-1389,8934,20,2024-07-05T06:32:57
CVE-2023-1829,3566,7,2024-02-26T04:38:38
CVE-2023-20178,315,1,2024-05-29T18:42:16
CVE-2023-20198,3553,32,2024-05-07T00:59:48
CVE-2023-20269,147043,2,2024-01-24T23:05:33
CVE-2023-20576,112397,3,2024-02-14T14:30:38
CVE-2023-2071,154,1,2024-07-08T16:56:29
CVE-2023-20867,36932,20,2024-02-12T14:53:36
CVE-2023-20869,19064,13,2024-05-05T22:42:32
CVE-2023-20938,1567,57,2024-07-05T00:10:50
CVE-2023-20963,7746,2,2024-05-22T12:08:26
CVE-2023-21554,22,1,2024-02-21T04:07:46
CVE-2023-21651,241,1,2024-02-06T09:03:42
CVE-2023-21674,329,9,2024-03-10T11:24:16
CVE-2023-21716,183,1,2024-02-16T18:02:41
CVE-2023-21746,152326,19,2024-02-18T14:21:56
CVE-2023-21768,111,1,2024-05-29T16:46:13
CVE-2023-21771,382,1,2024-04-04T16:02:28
CVE-2023-21987,217900,120,2024-06-13T13:44:32
CVE-2023-22098,2158,24,2024-03-19T05:13:09
CVE-2023-22515,43,2,2024-02-25T14:30:21
CVE-2023-22518,28616,26,2024-04-24T18:54:15
CVE-2023-22523,2042,3,2024-02-25T07:14:25
CVE-2023-22527,14506,44,2024-04-15T09:46:47
CVE-2023-22809,1280,2,2024-06-22T17:14:52
CVE-2023-22817,2183,3,2024-02-07T16:50:01
CVE-2023-22819,1674,2,2024-02-07T08:57:14
CVE-2023-23108,967,1,2024-02-07T01:00:28
CVE-2023-23397,24575,2,2024-04-26T20:06:41
CVE-2023-23752,3001,1,2024-04-27T07:50:45
CVE-2023-24055,2323,1,2024-04-22T16:26:34
CVE-2023-24068,2534,1,2024-05-08T11:55:37
CVE-2023-24796,884,1,2024-05-02T21:57:38
CVE-2023-24871,2429,4,2024-06-26T07:43:36
CVE-2023-24932,70,29,2024-06-30T19:24:25
CVE-2023-24948,142,1,2024-05-06T21:48:32
CVE-2023-24955,233639,41,2024-03-29T01:26:47
CVE-2023-25135,211,1,2024-05-23T00:08:17
CVE-2023-25157,137,1,2024-02-17T20:09:31
CVE-2023-25690,48,1,2024-04-22T22:53:12
CVE-2023-2598,77,10,2024-06-17T04:01:50
CVE-2023-2612,51,2,2024-04-28T05:57:23
CVE-2023-26140,18,2,2024-03-03T09:44:44
CVE-2023-26369,8099,5,2024-05-24T06:09:05
CVE-2023-26465,4873,3,2024-04-24T06:09:12
CVE-2023-26603,54976,14,2024-04-28T17:01:56
CVE-2023-27350,906,1,2024-03-11T08:31:50
CVE-2023-27356,312,1,2024-05-03T06:23:58
CVE-2023-27363,6034,3,2024-02-04T08:38:31
CVE-2023-27532,1234,2,2024-02-22T23:46:33
CVE-2023-27997,5388,9,2024-06-13T11:24:35
CVE-2023-28578,3206,1,2024-03-07T23:06:28
CVE-2023-28582,479,1,2024-04-05T04:54:33
CVE-2023-2868,13773,3,2024-02-05T22:51:54
CVE-2023-28746,167,1,2024-04-17T06:10:07
CVE-2023-2878,830,1,2024-05-12T17:52:39
CVE-2023-29180,979,1,2024-02-22T11:07:43
CVE-2023-29300,70457,7,2024-04-22T10:24:59
CVE-2023-29357,59,7,2024-04-29T02:41:47
CVE-2023-29360,25749,23,2024-04-10T22:38:55
CVE-2023-29489,562,4,2024-04-13T06:19:25
CVE-2023-3079,1154,21,2024-04-11T09:05:37
CVE-2023-31036,6062,1,2024-06-03T03:16:47
CVE-2023-31045,30,1,2024-02-20T10:04:13
CVE-2023-31248,3007,12,2024-06-21T03:50:49
CVE-2023-31505,19489,18,2024-02-05T03:01:29
CVE-2023-32176,1516,2,2024-05-08T02:04:38
CVE-2023-32191,3550,3,2024-06-27T01:54:04
CVE-2023-32315,2496,1,2024-06-03T07:57:10
CVE-2023-32364,27451,1,2024-03-23T16:17:44
CVE-2023-32409,1037,1,2024-03-02T20:10:19
CVE-2023-32434,4289,1,2024-02-05T07:40:19
CVE-2023-32462,436,2,2024-02-19T05:28:48
CVE-2023-32484,3555,16,2024-02-27T06:02:08
CVE-2023-32530,780,1,2024-03-09T16:15:50
CVE-2023-32784,874,3,2024-06-22T20:29:59
CVE-2023-33012,107,1,2024-03-02T02:45:55
CVE-2023-33127,12641,2,2024-06-12T19:18:58
CVE-2023-33153,28131,1,2024-04-08T18:27:25
CVE-2023-33246,135,4,2024-06-07T20:30:15
CVE-2023-33308,389,1,2024-07-05T21:27:22
CVE-2023-3390,34623,22,2024-05-13T03:26:47
CVE-2023-3400,173495,11,2024-04-30T13:26:28
CVE-2023-34044,3976,10,2024-04-25T09:10:05
CVE-2023-34048,147132,21,2024-02-14T04:11:30
CVE-2023-34050,965,3,2024-02-06T08:05:40
CVE-2023-34329,23,1,2024-03-23T02:49:02
CVE-2023-3454,6674,4,2024-04-07T18:28:55
CVE-2023-34992,50218,15,2024-06-06T19:58:27
CVE-2023-35001,66,1,2024-02-19T22:05:30
CVE-2023-35126,1229,1,2024-03-21T19:10:09
CVE-2023-3519,184,1,2024-03-16T16:12:19
CVE-2023-35628,154362,8,2024-04-25T18:41:45
CVE-2023-35636,3555,20,2024-02-14T03:19:24
CVE-2023-35813,15316,6,2024-06-06T04:57:17
CVE-2023-35838,409,1,2024-02-29T21:48:36
CVE-2023-36003,2660,6,2024-04-07T16:20:30
CVE-2023-36025,43486,31,2024-03-28T11:13:45
CVE-2023-36046,222,1,2024-03-11T16:15:55
CVE-2023-36047,41910,18,2024-04-12T01:23:59
CVE-2023-36049,2319,4,2024-03-08T13:26:31
CVE-2023-36407,19106,8,2024-05-14T13:46:33
CVE-2023-36424,71240,47,2024-03-24T21:31:27
CVE-2023-36561,591,7,2024-02-21T08:11:40
CVE-2023-36639,640,1,2024-02-13T08:22:32
CVE-2023-36661,24848,1,2024-02-05T14:00:55
CVE-2023-36670,147,1,2024-03-31T21:05:08
CVE-2023-36802,6527,1,2024-02-12T16:26:34
CVE-2023-36845,45,27,2024-02-21T03:17:18
CVE-2023-36899,42,2,2024-03-12T07:42:08
CVE-2023-36910,165,1,2024-03-18T21:37:15
CVE-2023-36911,165,1,2024-03-18T21:37:15
CVE-2023-36980,2251,3,2024-02-15T22:55:03
CVE-2023-3741,132,1,2024-04-06T14:58:14
CVE-2023-37450,2517,5,2024-06-04T14:07:52
CVE-2023-38041,4978,2,2024-02-25T19:07:32
CVE-2023-38146,91,2,2024-04-29T10:38:01
CVE-2023-3820,228,1,2024-04-06T23:41:14
CVE-2023-3824,354,43,2024-03-19T02:55:32
CVE-2023-38408,334,1,2024-04-30T14:01:43
CVE-2023-38545,808,1,2024-02-11T15:42:16
CVE-2023-38600,2379,3,2024-03-25T00:55:54
CVE-2023-38609,424,6,2024-05-23T12:43:11
CVE-2023-38673,25,1,2024-03-29T15:51:18
CVE-2023-3881,7901,2,2024-04-13T05:29:06
CVE-2023-38831,1236,9,2024-06-30T09:07:51
CVE-2023-38995,2950,2,2024-02-25T22:46:23
CVE-2023-39143,246,1,2024-05-24T13:11:56
CVE-2023-39213,165,1,2024-03-18T21:37:15
CVE-2023-39281,3134,1,2024-03-14T16:52:32
CVE-2023-39283,26957,5,2024-03-17T16:14:52
CVE-2023-39284,22170,7,2024-03-20T17:52:11
CVE-2023-39472,1271,1,2024-05-05T16:51:58
CVE-2023-39473,323,1,2024-05-05T18:29:47
CVE-2023-3966,23443,1,2024-02-23T04:25:25
CVE-2023-39929,4716,1,2024-05-30T23:02:22
CVE-2023-4000,4844,1,2024-03-05T09:19:40
CVE-2023-40000,326,6,2024-06-14T16:29:40
CVE-2023-40150,3646,1,2024-02-05T17:57:38
CVE-2023-4039,744,1,2024-02-06T22:36:53
CVE-2023-40415,54,1,2024-05-27T15:45:27
CVE-2023-40424,106,4,2024-06-02T16:08:15
CVE-2023-40477,75,1,2024-03-04T18:00:08
CVE-2023-40545,1596,1,2024-02-06T21:01:16
CVE-2023-40547,98,24,2024-02-27T17:58:08
CVE-2023-4068,4277,1,2024-02-24T08:03:36
CVE-2023-4069,9180,18,2024-06-30T20:10:06
CVE-2023-4070,18,1,2024-02-28T16:07:15
CVE-2023-41056,3377,4,2024-04-04T05:56:07
CVE-2023-41064,10254,8,2024-05-10T19:24:43
CVE-2023-41134,389,1,2024-06-04T07:37:25
CVE-2023-41313,1914,3,2024-03-11T06:18:06
CVE-2023-41474,3553,1,2024-02-07T01:40:48
CVE-2023-41703,146649,1,2024-02-12T09:12:20
CVE-2023-41724,145995,3,2024-03-22T06:58:29
CVE-2023-41892,247,1,2024-05-05T14:58:33
CVE-2023-41973,151609,14,2024-05-29T00:42:46
CVE-2023-41991,5166,4,2024-03-17T10:34:16
CVE-2023-41993,36,2,2024-02-16T16:30:11
CVE-2023-42282,10627,7,2024-07-01T01:32:44
CVE-2023-42366,714,1,2024-05-03T16:43:19
CVE-2023-42442,72,1,2024-02-12T20:32:09
CVE-2023-42465,29002,16,2024-03-27T00:25:20
CVE-2023-42580,1173,2,2024-06-23T03:39:02
CVE-2023-42793,7198,1,2024-02-06T13:55:16
CVE-2023-42820,1813,1,2024-06-08T08:28:26
CVE-2023-42902,75031,1,2024-02-26T19:48:47
CVE-2023-42931,65418,21,2024-05-02T06:03:28
CVE-2023-42942,3555,13,2024-03-12T03:45:24
CVE-2023-43054,417,2,2024-03-03T12:56:12
CVE-2023-43177,2119,7,2024-04-18T03:35:34
CVE-2023-43208,10,33,2024-07-04T16:57:16
CVE-2023-43304,72,1,2024-05-04T17:26:15
CVE-2023-43640,745,1,2024-02-10T04:11:27
CVE-2023-43641,63,1,2024-02-11T17:22:39
CVE-2023-43662,11,1,2024-06-08T02:55:56
CVE-2023-4369,2564,4,2024-02-27T13:57:51
CVE-2023-43769,1682,3,2024-03-01T14:58:30
CVE-2023-43770,3555,13,2024-02-21T01:50:48
CVE-2023-43786,250,15,2024-03-18T05:40:21
CVE-2023-4408,7139,8,2024-02-20T06:52:35
CVE-2023-44253,317,1,2024-02-12T10:05:37
CVE-2023-4427,32,7,2024-04-13T15:48:43
CVE-2023-44352,46,1,2024-02-25T03:56:29
CVE-2023-44487,12380,1,2024-04-13T20:27:42
CVE-2023-4473,884,3,2024-05-02T21:57:21
CVE-2023-45146,191,1,2024-03-06T20:56:09
CVE-2023-45227,1519,1,2024-02-06T21:44:04
CVE-2023-45288,2084,35,2024-05-06T00:14:57
CVE-2023-45290,349,3,2024-03-05T16:28:44
CVE-2023-45590,3552,4,2024-04-19T02:25:39
CVE-2023-45648,499,3,2024-02-08T06:19:08
CVE-2023-45674,745,1,2024-02-10T04:15:47
CVE-2023-45696,273,1,2024-02-11T08:51:54
CVE-2023-45733,140,1,2024-05-15T08:47:15
CVE-2023-45779,17565,8,2024-02-02T09:59:02
CVE-2023-45866,243272,123,2024-07-05T00:10:16
CVE-2023-46012,3553,7,2024-05-23T04:44:49
CVE-2023-46214,5355,10,2024-03-26T07:54:38
CVE-2023-46218,134,1,2024-05-18T19:39:11
CVE-2023-46251,211,1,2024-05-23T00:03:56
CVE-2023-46298,2960,1,2024-06-27T03:30:22
CVE-2023-46302,24,1,2024-04-03T15:37:36
CVE-2023-46344,854,2,2024-03-10T22:32:02
CVE-2023-46456,18,1,2024-03-04T18:14:04
CVE-2023-46604,147890,24,2024-02-13T22:39:35
CVE-2023-46747,381,17,2024-06-03T03:57:36
CVE-2023-46805,838,52,2024-06-10T01:35:57
CVE-2023-47211,5718,1,2024-02-08T00:35:30
CVE-2023-47218,712,12,2024-04-07T13:54:30
CVE-2023-47246,62,3,2024-04-14T20:05:13
CVE-2023-47464,12,3,2024-02-15T01:30:48
CVE-2023-47534,372,1,2024-03-18T18:46:03
CVE-2023-47610,333,1,2024-05-24T10:11:58
CVE-2023-4762,12289,19,2024-02-27T07:41:17
CVE-2023-48022,14535,2,2024-03-29T15:50:04
CVE-2023-48107,12990,1,2024-02-14T02:36:52
CVE-2023-48228,1271,2,2024-06-10T09:38:07
CVE-2023-48363,494,1,2024-02-13T17:39:34
CVE-2023-48365,18462,1,2024-04-29T09:06:30
CVE-2023-48565,1359,1,2024-03-29T07:52:53
CVE-2023-4863,2129,3,2024-06-05T04:52:02
CVE-2023-48703,954,1,2024-03-01T22:52:02
CVE-2023-48777,733,1,2024-03-26T23:28:24
CVE-2023-48788,12157,170,2024-06-09T12:16:15
CVE-2023-49070,936,7,2024-05-26T16:09:30
CVE-2023-49105,15627,2,2024-06-24T08:52:32
CVE-2023-49109,166,2,2024-03-03T08:34:03
CVE-2023-4911,279,2,2024-03-19T10:53:31
CVE-2023-49141,140,1,2024-05-15T08:47:15
CVE-2023-49210,925,2,2024-06-04T13:04:31
CVE-2023-49606,36694,34,2024-05-13T06:41:43
CVE-2023-4966,3327,9,2024-06-29T17:58:45
CVE-2023-4969,151048,15,2024-03-16T10:47:05
CVE-2023-49785,44918,36,2024-03-18T19:05:21
CVE-2023-49897,5847,1,2024-02-28T12:16:13
CVE-2023-49965,4281,1,2024-04-07T21:52:26
CVE-2023-50029,377,1,2024-06-25T07:10:07
CVE-2023-50164,3465,29,2024-03-14T08:40:44
CVE-2023-50306,313,1,2024-02-20T14:49:18
CVE-2023-50313,22,1,2024-04-02T13:24:23
CVE-2023-50358,212,17,2024-02-17T10:34:52
CVE-2023-50378,3555,2,2024-03-12T03:45:28
CVE-2023-50379,1681,2,2024-02-27T14:50:19
CVE-2023-50380,509,5,2024-02-29T19:09:29
CVE-2023-50386,18089,26,2024-03-04T23:50:33
CVE-2023-50387,75,35,2024-03-01T07:44:54
CVE-2023-50428,296,14,2024-05-08T11:06:53
CVE-2023-5058,101,1,2024-04-26T16:03:13
CVE-2023-50735,600,1,2024-02-06T19:23:33
CVE-2023-50868,7012,3,2024-06-18T11:00:08
CVE-2023-50947,1749,1,2024-02-05T05:56:46
CVE-2023-50969,64735,23,2024-04-02T16:29:41
CVE-2023-51219,618,2,2024-06-28T11:07:53
CVE-2023-5129,518,1,2024-02-10T18:28:16
CVE-2023-51365,1525,1,2024-05-27T15:04:00
CVE-2023-51385,121,1,2024-03-21T01:00:46
CVE-2023-51450,2861,1,2024-02-27T03:41:22
CVE-2023-51467,1782,7,2024-02-27T13:53:13
CVE-2023-51724,2435,1,2024-02-11T03:50:58
CVE-2023-5178,1521,1,2024-03-22T04:48:34
CVE-2023-52153,211,1,2024-02-22T11:10:34
CVE-2023-52160,555,12,2024-02-19T07:49:28
CVE-2023-52161,3752,3,2024-03-05T06:06:44
CVE-2023-52251,1623,14,2024-07-05T13:36:49
CVE-2023-52424,169528,37,2024-05-16T15:43:08
CVE-2023-52425,2274,1,2024-03-23T13:14:51
CVE-2023-52439,2672,1,2024-02-21T00:15:18
CVE-2023-52511,95,1,2024-03-02T22:40:41
CVE-2023-52518,491,1,2024-03-02T22:39:35
CVE-2023-52530,491,1,2024-03-02T22:39:26
CVE-2023-52531,491,1,2024-03-02T22:39:30
CVE-2023-52532,491,1,2024-03-02T22:39:33
CVE-2023-52559,491,1,2024-03-02T22:39:38
CVE-2023-52722,1050,2,2024-06-22T00:27:43
CVE-2023-5363,669,1,2024-04-10T00:55:32
CVE-2023-5372,181,1,2024-02-27T06:56:25
CVE-2023-5480,212,1,2024-02-20T18:45:31
CVE-2023-5517,2065,1,2024-02-14T07:19:35
CVE-2023-5528,11290,12,2024-03-25T21:35:47
CVE-2023-5678,1787,1,2024-05-18T21:31:44
CVE-2023-5830,214,3,2024-03-24T18:33:16
CVE-2023-5914,33077,23,2024-04-14T17:56:44
CVE-2023-5961,7591,2,2024-01-31T16:01:13
CVE-2023-5996,19415,9,2024-02-13T07:31:13
CVE-2023-6000,2650,5,2024-03-11T16:44:05
CVE-2023-6047,21,1,2024-03-29T11:59:19
CVE-2023-6154,3555,1,2024-04-09T03:03:33
CVE-2023-6200,70724,16,2024-01-31T00:53:13
CVE-2023-6229,2832,1,2024-02-06T03:37:59
CVE-2023-6241,191909,40,2024-03-24T07:02:22
CVE-2023-6246,51072,45,2024-06-29T01:21:55
CVE-2023-6317,245,7,2024-04-17T04:36:24
CVE-2023-6345,18619,1,2024-04-25T15:25:28
CVE-2023-6347,251,3,2024-02-20T01:58:57
CVE-2023-6350,749,1,2024-02-24T18:35:48
CVE-2023-6371,7047,7,2024-04-08T07:51:49
CVE-2023-6435,102392,2,2024-04-28T05:57:14
CVE-2023-6448,1417,1,2024-02-04T13:24:16
CVE-2023-6534,2184,1,2024-06-10T18:15:19
CVE-2023-6546,2287,40,2024-04-12T07:58:33
CVE-2023-6548,531,1,2024-02-16T18:47:59
CVE-2023-6634,546,4,2024-04-07T19:16:44
CVE-2023-6702,1843,8,2024-02-23T18:07:12
CVE-2023-6705,380,1,2024-03-11T04:53:08
CVE-2023-6817,294,2,2024-03-18T00:53:56
CVE-2023-6825,3555,3,2024-03-13T02:40:25
CVE-2023-6875,334,1,2024-02-07T16:06:13
CVE-2023-6917,329,1,2024-02-29T04:38:25
CVE-2023-6935,273,1,2024-02-11T08:52:30
CVE-2023-6951,1508,37,2024-06-15T05:22:29
CVE-2023-6989,744,1,2024-02-06T05:50:34
CVE-2023-7024,66,4,2024-05-22T09:05:14
CVE-2023-7028,1284443,91,2024-05-10T02:40:21
CVE-2023-7102,3401,3,2024-03-20T09:41:05
CVE-2023-7198,24,1,2024-02-28T19:09:49
CVE-2024-0024,2486,2,2024-05-07T06:32:17
CVE-2024-0031,372,9,2024-02-07T06:19:38
CVE-2024-0039,8105,3,2024-04-08T10:35:09
CVE-2024-0044,280413,87,2024-07-05T00:11:28
CVE-2024-0048,427,1,2024-04-20T12:41:35
CVE-2024-0076,53,1,2024-04-05T19:07:16
CVE-2024-0087,332,1,2024-05-04T05:33:19
CVE-2024-0096,2263,1,2024-05-10T16:07:10
CVE-2024-0123,30127,7,2024-04-28T23:09:19
CVE-2024-0153,493,1,2024-07-03T00:34:18
CVE-2024-0158,90,1,2024-05-03T22:32:47
CVE-2024-0172,7054,7,2024-04-07T11:33:20
CVE-2024-0193,160236,26,2024-07-06T19:43:32
CVE-2024-0197,32,1,2024-06-30T02:27:01
CVE-2024-0199,3209,5,2024-03-09T01:48:31
CVE-2024-0200,156259,21,2024-05-11T05:30:58
CVE-2024-0204,31,29,2024-03-10T08:58:01
CVE-2024-0223,4731,4,2024-07-06T15:50:19
CVE-2024-0230,757,1,2024-03-29T15:51:40
CVE-2024-0243,39,1,2024-04-19T14:27:56
CVE-2024-0259,3552,1,2024-04-18T01:54:57
CVE-2024-0333,8004,4,2024-04-24T04:12:11
CVE-2024-0353,309,1,2024-02-22T19:09:02
CVE-2024-0402,60804,28,2024-05-05T23:11:22
CVE-2024-0403,315,1,2024-02-29T23:47:08
CVE-2024-0444,891,2,2024-06-06T12:05:14
CVE-2024-0517,46647,140,2024-06-28T08:43:01
CVE-2024-0519,844,4,2024-06-09T07:22:12
CVE-2024-0563,146386,1,2024-02-23T09:19:46
CVE-2024-0582,2204,85,2024-06-27T15:17:38
CVE-2024-0670,3560,1,2024-03-25T03:20:55
CVE-2024-0671,2955,4,2024-05-14T03:19:57
CVE-2024-0692,805668,52,2024-03-17T23:14:26
CVE-2024-0727,267,1,2024-05-03T13:54:33
CVE-2024-0757,5469,2,2024-06-19T03:34:57
CVE-2024-0762,174026,19,2024-07-07T16:28:18
CVE-2024-0769,620,5,2024-07-01T06:32:54
CVE-2024-0778,107544,4,2024-03-06T15:19:28
CVE-2024-0799,3560,5,2024-03-25T02:27:10
CVE-2024-0802,1147,1,2024-03-15T01:37:48
CVE-2024-0819,1132,6,2024-03-07T12:04:34
CVE-2024-0853,134,2,2024-05-18T19:39:11
CVE-2024-0980,58324,8,2024-05-04T13:49:57
CVE-2024-0985,298609,16,2024-02-21T01:46:08
CVE-2024-10123,598,1,2024-07-01T23:13:33
CVE-2024-1019,15452,11,2024-02-02T02:47:13
CVE-2024-1049,21,1,2024-03-23T05:01:33
CVE-2024-1065,1469,2,2024-04-21T01:09:22
CVE-2024-1071,729,46,2024-03-07T21:24:45
CVE-2024-1086,172108,300,2024-06-10T13:33:08
CVE-2024-1135,1860,6,2024-04-18T02:02:22
CVE-2024-1144,231,2,2024-03-21T11:08:51
CVE-2024-1207,153,2,2024-02-09T17:13:31
CVE-2024-1212,5190,55,2024-05-07T05:33:51
CVE-2024-1283,39799,15,2024-05-14T03:18:58
CVE-2024-1284,1229,2,2024-05-05T17:15:18
CVE-2024-1313,2671,3,2024-04-05T22:17:22
CVE-2024-1343,562,1,2024-02-19T13:21:23
CVE-2024-1346,3850,2,2024-03-06T08:20:26
CVE-2024-1380,889,3,2024-06-06T00:50:36
CVE-2024-1403,42534,49,2024-03-13T12:56:48
CVE-2024-1439,7220,1,2024-02-13T08:22:23
CVE-2024-1451,2543,6,2024-02-24T10:33:07
CVE-2024-1468,3555,3,2024-03-11T03:55:23
CVE-2024-1487,69,1,2024-03-11T18:19:14
CVE-2024-1488,125,1,2024-07-03T01:09:51
CVE-2024-1495,58,1,2024-07-01T12:09:55
CVE-2024-1516,1144,1,2024-03-14T19:15:10
CVE-2024-1579,32,1,2024-04-29T16:09:21
CVE-2024-1580,29021,13,2024-03-28T23:51:04
CVE-2024-1592,1165,1,2024-03-02T08:18:28
CVE-2024-1597,16171,22,2024-03-23T17:16:14
CVE-2024-1623,936,2,2024-03-15T19:03:17
CVE-2024-1651,181,1,2024-02-24T13:00:29
CVE-2024-1669,249,1,2024-02-26T03:11:20
CVE-2024-1694,2542,3,2024-03-10T15:41:55
CVE-2024-1698,5460,2,2024-03-20T02:53:52
CVE-2024-1708,22394,39,2024-03-28T02:35:22
CVE-2024-1709,1209,77,2024-03-26T01:19:35
CVE-2024-1753,12951,2,2024-03-19T02:14:03
CVE-2024-1800,1520,2,2024-03-26T13:28:08
CVE-2024-1834,31,1,2024-02-24T17:39:53
CVE-2024-1842,139,1,2024-05-02T19:28:07
CVE-2024-1857,29,1,2024-03-16T09:01:00
CVE-2024-1874,112338,4,2024-04-20T18:05:21
CVE-2024-1929,3555,4,2024-03-13T02:38:45
CVE-2024-1932,86,1,2024-02-28T09:03:23
CVE-2024-1933,13121,8,2024-03-27T20:13:01
CVE-2024-1973,327,1,2024-03-26T00:35:13
CVE-2024-20017,847,1,2024-03-06T21:38:14
CVE-2024-20020,847,1,2024-03-06T21:38:18
CVE-2024-20252,793,3,2024-02-08T05:33:52
CVE-2024-20267,7404,1,2024-03-06T02:48:45
CVE-2024-20272,603,1,2024-02-26T12:33:01
CVE-2024-20276,440,4,2024-04-11T14:42:17
CVE-2024-20295,3551,1,2024-04-29T02:44:14
CVE-2024-20320,3560,1,2024-03-25T03:20:51
CVE-2024-20328,5758,41,2024-04-01T20:02:17
CVE-2024-20337,126263,58,2024-05-01T05:32:24
CVE-2024-20353,25158,43,2024-05-09T06:35:36
CVE-2024-20356,158,121,2024-06-28T14:21:16
CVE-2024-20359,87,1,2024-04-27T04:26:21
CVE-2024-20360,25076,15,2024-05-26T13:39:59
CVE-2024-20362,19498,2,2024-04-08T02:37:47
CVE-2024-20376,3554,1,2024-05-13T00:59:06
CVE-2024-20380,3551,9,2024-04-29T11:27:17
CVE-2024-20399,29805,9,2024-07-08T07:23:31
CVE-2024-20404,934,1,2024-06-07T03:08:19
CVE-2024-2044,162,3,2024-03-18T02:24:20
CVE-2024-2048,3555,9,2024-03-14T02:31:39
CVE-2024-2054,4107,3,2024-03-21T21:28:50
CVE-2024-20652,100250,18,2024-02-01T03:52:22
CVE-2024-20656,18149,31,2024-04-13T07:43:45
CVE-2024-20666,983,5,2024-07-01T04:58:58
CVE-2024-20670,1591,6,2024-04-13T12:40:44
CVE-2024-20693,223253,21,2024-06-17T21:31:25
CVE-2024-20696,180805,26,2024-06-03T05:36:12
CVE-2024-20697,1242,6,2024-06-27T20:52:25
CVE-2024-20720,96861,42,2024-04-09T00:42:53
CVE-2024-20767,167,41,2024-05-29T08:15:34
CVE-2024-20861,134578,4,2024-05-08T12:41:19
CVE-2024-20931,181,69,2024-02-20T19:21:26
CVE-2024-21006,529,2,2024-04-17T14:55:14
CVE-2024-21007,13204,9,2024-07-08T21:33:11
CVE-2024-21103,18814,1,2024-04-17T16:33:06
CVE-2024-21111,302518,88,2024-05-11T16:45:17
CVE-2024-21115,7242,12,2024-05-12T00:58:47
CVE-2024-21305,46487,32,2024-05-28T02:43:50
CVE-2024-21320,1172,18,2024-04-02T15:50:55
CVE-2024-21326,52482,18,2024-02-01T15:48:20
CVE-2024-21338,29869,155,2024-06-27T04:19:50
CVE-2024-21345,178476,57,2024-05-05T08:44:50
CVE-2024-21351,2855,6,2024-02-19T05:28:26
CVE-2024-21371,1482,2,2024-06-05T00:20:10
CVE-2024-21378,215017,229,2024-06-29T17:07:27
CVE-2024-21388,4,28,2024-07-02T16:42:42
CVE-2024-21399,418,22,2024-02-13T16:19:21
CVE-2024-21409,56,2,2024-04-16T23:06:22
CVE-2024-21410,9441,100,2024-04-09T06:19:49
CVE-2024-21412,1619,139,2024-07-08T01:50:21
CVE-2024-21413,1147,437,2024-05-11T20:37:26
CVE-2024-21427,2021,11,2024-05-12T23:35:10
CVE-2024-21473,4098,3,2024-04-29T20:10:09
CVE-2024-21501,61,5,2024-03-27T20:12:38
CVE-2024-21508,1337,2,2024-04-24T07:00:33
CVE-2024-21512,15594,6,2024-06-04T18:05:51
CVE-2024-21586,2871,1,2024-07-03T02:52:03
CVE-2024-21619,14690,20,2024-02-02T03:41:00
CVE-2024-21626,152535,58,2024-02-12T13:23:52
CVE-2024-21633,3242,20,2024-04-02T05:29:36
CVE-2024-21677,30167,15,2024-03-27T08:26:55
CVE-2024-21678,665,1,2024-02-24T04:58:26
CVE-2024-21683,46593,43,2024-06-01T13:07:53
CVE-2024-2169,48,6,2024-03-24T06:52:32
CVE-2024-2172,3557,1,2024-03-27T02:05:46
CVE-2024-21722,1049,2,2024-02-23T03:37:29
CVE-2024-21726,678,33,2024-05-09T15:40:22
CVE-2024-2173,731,9,2024-06-02T17:42:40
CVE-2024-2174,289,2,2024-06-02T17:41:01
CVE-2024-21762,184412,464,2024-06-17T04:47:20
CVE-2024-2178,596,1,2024-06-02T11:51:33
CVE-2024-21793,166,4,2024-05-14T04:57:33
CVE-2024-21805,1517,1,2024-03-07T10:25:02
CVE-2024-21833,3555,21,2024-02-12T04:23:32
CVE-2024-2184,409,5,2024-03-11T07:01:06
CVE-2024-21865,1344,1,2024-03-23T04:04:44
CVE-2024-21887,2201,52,2024-02-20T10:48:16
CVE-2024-21888,2471,2,2024-02-16T05:23:20
CVE-2024-21893,152,159,2024-03-29T12:42:13
CVE-2024-21894,3554,11,2024-04-11T02:29:50
CVE-2024-21899,33198,71,2024-03-18T15:54:58
CVE-2024-21914,116,1,2024-03-25T22:19:09
CVE-2024-21915,375,4,2024-02-19T05:23:47
CVE-2024-2193,56974,31,2024-03-17T20:31:52
CVE-2024-21972,269,1,2024-04-24T02:49:25
CVE-2024-22004,177,1,2024-04-06T07:35:07
CVE-2024-22024,82,179,2024-05-01T09:12:52
CVE-2024-22026,3553,1,2024-05-29T01:41:12
CVE-2024-22039,16065,18,2024-03-13T14:41:58
CVE-2024-22052,337,4,2024-07-05T22:17:22
CVE-2024-22058,1365,9,2024-06-17T23:01:47
CVE-2024-22061,2630,1,2024-04-23T16:00:14
CVE-2024-22076,601,1,2024-02-15T11:54:55
CVE-2024-22093,370,2,2024-02-16T01:20:44
CVE-2024-22120,3703,6,2024-05-29T08:53:10
CVE-2024-22131,37132,3,2024-02-13T22:42:13
CVE-2024-22144,1106,3,2024-03-12T23:31:43
CVE-2024-22226,1164,1,2024-02-12T19:42:25
CVE-2024-22237,1147,1,2024-05-11T20:37:43
CVE-2024-22239,1596,1,2024-02-06T21:01:18
CVE-2024-22243,640,9,2024-04-16T16:44:09
CVE-2024-22245,1147,27,2024-05-11T20:37:30
CVE-2024-2225,91,10,2024-03-09T17:44:44
CVE-2024-22251,9706,1,2024-02-27T19:36:15
CVE-2024-22252,107,38,2024-03-26T07:51:23
CVE-2024-22255,613,1,2024-03-07T15:20:44
CVE-2024-22257,1797,4,2024-03-19T22:50:52
CVE-2024-22259,3560,16,2024-03-25T02:29:26
CVE-2024-22260,527,1,2024-07-03T09:54:25
CVE-2024-22262,26425,4,2024-04-12T03:19:08
CVE-2024-22267,269332,4,2024-05-15T07:59:43
CVE-2024-2227,1520,1,2024-03-29T09:32:33
CVE-2024-22274,822,1,2024-07-09T03:06:40
CVE-2024-22318,2814,1,2024-02-09T02:41:57
CVE-2024-22319,307,1,2024-02-22T11:07:21
CVE-2024-22338,143854,1,2024-05-31T11:05:45
CVE-2024-22363,4767,1,2024-04-15T19:14:11
CVE-2024-22394,1956,1,2024-03-23T06:10:07
CVE-2024-2241,363,2,2024-03-27T09:55:39
CVE-2024-22423,952,2,2024-04-09T17:13:51
CVE-2024-22463,146246,1,2024-03-04T14:16:07
CVE-2024-22660,179,1,2024-06-29T09:13:28
CVE-2024-22684,242,1,2024-05-04T21:37:06
CVE-2024-22734,897,3,2024-04-09T15:05:04
CVE-2024-22795,2437,1,2024-03-02T13:56:27
CVE-2024-22853,44523,3,2024-06-30T15:33:14
CVE-2024-22857,154123,10,2024-03-20T04:22:02
CVE-2024-22860,3553,1,2024-02-07T01:40:39
CVE-2024-23080,367,1,2024-04-28T10:52:40
CVE-2024-23108,6077,12,2024-06-06T12:06:30
CVE-2024-23109,1147,1,2024-05-11T20:37:47
CVE-2024-23110,837,2,2024-06-21T00:55:02
CVE-2024-23112,309,6,2024-03-27T07:38:57
CVE-2024-23113,201,1,2024-03-21T16:55:14
CVE-2024-23119,72,1,2024-02-29T04:01:45
CVE-2024-2312,145635,1,2024-04-05T19:58:56
CVE-2024-23138,187,1,2024-03-18T12:00:42
CVE-2024-23204,18,36,2024-06-04T02:12:18
CVE-2024-23208,16,30,2024-02-25T02:32:04
CVE-2024-23214,797,1,2024-02-24T04:24:05
CVE-2024-23219,250,1,2024-03-12T12:43:45
CVE-2024-23225,30,17,2024-04-22T13:44:59
CVE-2024-23226,151081,4,2024-03-25T03:46:56
CVE-2024-23235,6397,3,2024-03-19T09:23:39
CVE-2024-23277,2626,6,2024-03-23T17:47:15
CVE-2024-23282,2909,12,2024-06-13T08:53:58
CVE-2024-23286,650,8,2024-03-10T11:13:49
CVE-2024-23296,13738,14,2024-05-14T11:58:35
CVE-2024-23300,82,4,2024-05-27T14:15:32
CVE-2024-23313,130628,2,2024-02-11T18:13:25
CVE-2024-23334,65618,57,2024-03-21T03:17:21
CVE-2024-2339,2449,1,2024-03-08T22:58:43
CVE-2024-23447,268,1,2024-02-07T04:50:14
CVE-2024-23452,64,3,2024-02-09T17:59:40
CVE-2024-23473,25261,27,2024-05-13T10:41:33
CVE-2024-23476,49,15,2024-04-04T03:32:41
CVE-2024-23496,206,2,2024-03-19T22:09:01
CVE-2024-2354,322,1,2024-03-11T00:01:18
CVE-2024-23672,820,2,2024-03-22T04:03:02
CVE-2024-23692,262907,56,2024-07-05T09:59:42
CVE-2024-23710,32,1,2024-04-07T00:29:44
CVE-2024-23717,36171,9,2024-03-06T10:40:54
CVE-2024-23724,746,1,2024-02-13T17:40:26
CVE-2024-23755,564,1,2024-03-25T05:38:57
CVE-2024-23769,230,1,2024-02-12T10:10:49
CVE-2024-23772,318,1,2024-04-24T15:09:25
CVE-2024-23773,318,1,2024-04-24T15:09:25
CVE-2024-23774,318,1,2024-04-24T15:09:25
CVE-2024-23780,3471,2,2024-03-08T11:00:15
CVE-2024-23832,42911,40,2024-02-21T00:17:24
CVE-2024-2389,1560,26,2024-07-03T19:38:42
CVE-2024-23897,2290,128,2024-05-12T09:15:33
CVE-2024-23917,52532,43,2024-05-30T04:56:16
CVE-2024-23923,112,1,2024-06-25T14:18:06
CVE-2024-23944,267048,10,2024-03-16T07:42:21
CVE-2024-23958,10146,2,2024-06-25T17:24:08
CVE-2024-23973,112,1,2024-06-25T14:18:04
CVE-2024-23987,1313,5,2024-02-13T14:44:46
CVE-2024-2400,2406,3,2024-03-15T13:29:37
CVE-2024-24017,5014,1,2024-03-02T08:22:47
CVE-2024-24028,4,1,2024-03-03T11:21:57
CVE-2024-2409,12367,1,2024-03-29T08:39:17
CVE-2024-24142,120,1,2024-02-15T23:49:09
CVE-2024-2420,53,1,2024-05-31T02:01:42
CVE-2024-2421,315,1,2024-05-31T12:54:54
CVE-2024-24230,326,1,2024-03-18T02:23:59
CVE-2024-2432,142262,19,2024-03-24T01:48:02
CVE-2024-24337,312,1,2024-02-12T21:58:09
CVE-2024-24401,366,9,2024-03-02T11:01:23
CVE-2024-24409,1612,2,2024-05-07T11:20:56
CVE-2024-2448,511,4,2024-04-22T00:04:17
CVE-2024-2451,481,1,2024-05-30T17:37:06
CVE-2024-24557,11202,1,2024-06-26T19:21:54
CVE-2024-24569,745,1,2024-02-05T17:11:34
CVE-2024-24576,302576,111,2024-05-02T20:20:29
CVE-2024-24590,256,2,2024-06-14T23:04:19
CVE-2024-24593,955,1,2024-02-09T18:40:30
CVE-2024-24691,13603,62,2024-02-17T02:45:51
CVE-2024-24722,146510,1,2024-02-19T06:58:37
CVE-2024-24725,256,1,2024-03-28T23:20:26
CVE-2024-24737,112,1,2024-06-25T14:18:01
CVE-2024-24781,146607,1,2024-02-13T14:46:04
CVE-2024-24787,14762,21,2024-05-11T00:08:23
CVE-2024-24789,6328,1,2024-06-04T19:05:06
CVE-2024-24790,267,1,2024-06-30T10:02:48
CVE-2024-24791,3757,1,2024-07-02T19:36:13
CVE-2024-24806,774,9,2024-04-07T08:22:01
CVE-2024-24919,1141359,494,2024-06-26T06:07:15
CVE-2024-24942,2501,1,2024-02-13T03:21:29
CVE-2024-24964,5855,1,2024-03-09T05:09:32
CVE-2024-24989,148,24,2024-05-29T16:10:32
CVE-2024-24996,2630,1,2024-04-23T15:59:49
CVE-2024-24999,782,1,2024-04-23T20:44:01
CVE-2024-25021,167,1,2024-02-22T13:29:17
CVE-2024-25046,22,1,2024-04-03T13:17:28
CVE-2024-25062,114,2,2024-05-27T01:33:03
CVE-2024-25063,2319,10,2024-03-03T10:54:49
CVE-2024-25065,606,5,2024-06-23T04:58:51
CVE-2024-25089,2031,1,2024-02-05T03:42:00
CVE-2024-25106,2671,1,2024-02-21T05:45:08
CVE-2024-25122,529,1,2024-02-15T19:04:28
CVE-2024-25153,3782,23,2024-05-11T14:20:17
CVE-2024-25168,16,1,2024-03-22T11:58:43
CVE-2024-25298,1059,1,2024-02-27T14:52:23
CVE-2024-25318,95,1,2024-03-02T22:40:38
CVE-2024-25331,3559,7,2024-03-22T02:27:22
CVE-2024-25417,1446,1,2024-02-12T02:18:13
CVE-2024-25453,483,1,2024-02-13T00:26:34
CVE-2024-25501,2450,1,2024-03-09T08:14:44
CVE-2024-25600,56,144,2024-05-25T17:41:44
CVE-2024-25648,25402,2,2024-05-04T18:49:01
CVE-2024-25728,1446,1,2024-02-12T02:13:24
CVE-2024-25742,1011,2,2024-04-04T21:40:59
CVE-2024-25832,4213,2,2024-03-06T07:34:07
CVE-2024-25847,6,1,2024-03-03T09:31:53
CVE-2024-25994,3303,1,2024-06-24T20:51:05
CVE-2024-26026,13604,18,2024-05-13T23:28:17
CVE-2024-2606,119,1,2024-03-20T09:11:56
CVE-2024-26131,36831,8,2024-05-06T08:20:47
CVE-2024-26144,7496,3,2024-07-08T09:02:16
CVE-2024-2615,3674,5,2024-03-21T06:38:33
CVE-2024-26169,188565,18,2024-06-16T14:41:11
CVE-2024-26198,149426,6,2024-04-08T13:40:50
CVE-2024-26218,50716,12,2024-04-30T13:33:19
CVE-2024-26219,10935,4,2024-04-10T07:41:04
CVE-2024-26221,4788,2,2024-04-12T07:18:24
CVE-2024-26229,9410,73,2024-06-23T07:34:02
CVE-2024-26230,142070,27,2024-04-21T22:40:22
CVE-2024-26234,515,4,2024-04-16T07:56:26
CVE-2024-26238,26034,15,2024-05-28T14:55:05
CVE-2024-26248,179,2,2024-05-08T08:01:53
CVE-2024-2625,595,3,2024-06-16T22:30:11
CVE-2024-26289,5853,1,2024-05-28T10:01:44
CVE-2024-26304,74,3,2024-05-05T06:24:11
CVE-2024-26331,67156,9,2024-04-09T22:14:04
CVE-2024-26521,231,1,2024-03-03T06:21:03
CVE-2024-26547,2,1,2024-04-14T07:34:39
CVE-2024-26559,414,1,2024-02-29T00:05:52
CVE-2024-26582,776,13,2024-02-24T18:33:41
CVE-2024-26592,165814,19,2024-02-27T09:17:46
CVE-2024-26621,153,1,2024-07-08T16:56:43
CVE-2024-26817,21,1,2024-04-14T15:25:46
CVE-2024-26865,662,1,2024-04-26T10:36:39
CVE-2024-26925,170420,21,2024-05-08T19:47:22
CVE-2024-26926,3709,3,2024-06-04T19:42:14
CVE-2024-27130,4718,6,2024-05-23T13:38:47
CVE-2024-27132,2257,2,2024-02-29T13:37:24
CVE-2024-27135,3559,1,2024-03-22T02:58:47
CVE-2024-27198,618,176,2024-06-07T14:56:32
CVE-2024-27199,16837,3,2024-03-04T22:13:36
CVE-2024-27228,25012,2,2024-04-11T04:18:53
CVE-2024-27282,9538,6,2024-04-24T09:21:39
CVE-2024-27288,31,5,2024-03-10T08:57:09
CVE-2024-27292,2695,3,2024-07-02T11:55:58
CVE-2024-27295,3555,2,2024-03-15T03:58:30
CVE-2024-27297,564,1,2024-03-15T17:01:52
CVE-2024-27298,1521,1,2024-03-09T12:17:20
CVE-2024-27301,328,1,2024-03-15T12:24:18
CVE-2024-27304,1403,1,2024-03-05T17:55:16
CVE-2024-27309,3552,2,2024-04-22T01:41:12
CVE-2024-27316,1507,2,2024-04-09T02:10:25
CVE-2024-27322,6445,36,2024-05-13T16:45:46
CVE-2024-27348,3549,60,2024-06-14T01:35:11
CVE-2024-27351,43076,3,2024-04-29T01:06:44
CVE-2024-2738,24574,4,2024-06-24T02:37:32
CVE-2024-27448,78,5,2024-05-05T14:29:48
CVE-2024-27460,31408,1,2024-05-13T16:12:11
CVE-2024-27497,50832,24,2024-03-08T18:10:39
CVE-2024-27499,641,2,2024-03-01T16:32:21
CVE-2024-2756,58160,5,2024-04-20T20:22:46
CVE-2024-27630,362,1,2024-04-08T20:37:47
CVE-2024-27657,3072,1,2024-03-23T03:12:26
CVE-2024-27719,18,1,2024-04-02T15:46:34
CVE-2024-27744,1165,1,2024-03-02T08:08:20
CVE-2024-27790,3554,4,2024-05-10T01:55:50
CVE-2024-27793,342,1,2024-05-11T18:54:59
CVE-2024-27801,1548,277,2024-07-01T05:39:12
CVE-2024-27802,18678,5,2024-06-11T08:38:14
CVE-2024-27804,921,53,2024-06-24T22:26:21
CVE-2024-27812,28872,3,2024-06-22T07:22:23
CVE-2024-27815,204,10,2024-06-24T06:31:26
CVE-2024-27818,72,1,2024-05-13T23:25:26
CVE-2024-27822,50317,26,2024-06-11T06:03:40
CVE-2024-27834,419,4,2024-05-15T15:03:06
CVE-2024-27842,28720,42,2024-06-05T02:37:40
CVE-2024-27852,2874,1,2024-05-13T19:30:35
CVE-2024-27867,3146,23,2024-07-07T09:15:02
CVE-2024-27929,252,1,2024-03-08T08:38:59
CVE-2024-27934,759,1,2024-04-18T02:00:14
CVE-2024-27956,1240,164,2024-06-17T20:49:13
CVE-2024-2796,331,1,2024-04-23T19:52:15
CVE-2024-27980,3552,3,2024-04-19T02:25:46
CVE-2024-27983,2264,2,2024-04-13T13:23:35
CVE-2024-28013,146,1,2024-04-09T09:19:45
CVE-2024-28056,163,1,2024-04-15T15:56:17
CVE-2024-28064,1773,4,2024-05-25T19:54:24
CVE-2024-28072,1122,1,2024-05-06T14:41:14
CVE-2024-28075,2396,3,2024-05-25T12:58:42
CVE-2024-28076,5,1,2024-04-19T16:50:53
CVE-2024-28084,245,1,2024-03-11T15:46:55
CVE-2024-28085,905,17,2024-04-10T08:33:56
CVE-2024-28116,296,2,2024-03-25T00:38:56
CVE-2024-28134,5652,1,2024-05-31T01:29:22
CVE-2024-28175,3559,1,2024-03-22T02:58:51
CVE-2024-28183,27906,1,2024-04-02T11:52:33
CVE-2024-2819,1,1,2024-07-04T13:49:41
CVE-2024-28222,48,3,2024-03-10T19:08:35
CVE-2024-28224,4498,2,2024-04-09T08:47:12
CVE-2024-28253,97,5,2024-04-17T10:12:35
CVE-2024-28254,5490,5,2024-04-18T01:14:17
CVE-2024-28255,46783,16,2024-04-15T00:55:38
CVE-2024-28344,592,1,2024-03-23T14:44:20
CVE-2024-28353,46023,20,2024-03-19T23:28:29
CVE-2024-28397,3549,13,2024-07-02T02:27:37
CVE-2024-2862,3091,1,2024-03-26T03:35:50
CVE-2024-28714,329,1,2024-03-29T14:16:55
CVE-2024-2873,3091,1,2024-03-26T03:37:23
CVE-2024-28741,56,4,2024-04-14T16:17:34
CVE-2024-28746,13,2,2024-06-08T20:18:58
CVE-2024-28752,3560,1,2024-03-25T03:20:58
CVE-2024-2876,57,1,2024-04-15T15:23:18
CVE-2024-2879,2,50,2024-05-15T23:43:47
CVE-2024-2883,1198,25,2024-04-15T17:44:39
CVE-2024-2886,9889,3,2024-06-30T21:42:37
CVE-2024-2887,597,52,2024-06-29T05:19:12
CVE-2024-28872,3558,1,2024-04-04T06:32:02
CVE-2024-28890,13253,10,2024-04-23T14:24:17
CVE-2024-28921,114,5,2024-04-17T08:37:15
CVE-2024-28955,523,1,2024-07-02T22:14:12
CVE-2024-28995,1284,65,2024-07-03T19:36:58
CVE-2024-29001,5,1,2024-04-19T16:50:56
CVE-2024-29003,5,1,2024-04-19T16:50:59
CVE-2024-29010,3554,1,2024-05-10T01:55:53
CVE-2024-29021,824,4,2024-04-30T01:48:29
CVE-2024-29025,641,4,2024-03-28T20:54:37
CVE-2024-29050,3202,1,2024-04-10T17:10:48
CVE-2024-29053,307,1,2024-04-10T14:55:13
CVE-2024-29056,179,1,2024-05-08T08:01:53
CVE-2024-29059,803,4,2024-03-29T03:00:38
CVE-2024-29072,3551,1,2024-06-07T01:33:00
CVE-2024-29151,291,3,2024-03-21T01:04:56
CVE-2024-29201,1278,12,2024-04-16T15:10:00
CVE-2024-29204,3549,6,2024-04-30T02:23:29
CVE-2024-29212,818,29,2024-05-15T15:04:29
CVE-2024-29217,1992,1,2024-04-22T03:33:03
CVE-2024-29241,1518,1,2024-04-04T23:16:59
CVE-2024-29269,65713,32,2024-05-29T00:37:34
CVE-2024-29291,3550,5,2024-05-01T02:18:07
CVE-2024-29296,122,1,2024-04-22T17:00:42
CVE-2024-29415,12674,18,2024-06-07T00:42:34
CVE-2024-29417,5270,10,2024-05-05T00:28:54
CVE-2024-29439,434,1,2024-04-12T00:51:38
CVE-2024-29441,434,1,2024-04-12T00:51:43
CVE-2024-29443,434,1,2024-04-12T00:51:47
CVE-2024-29444,434,1,2024-04-12T00:51:50
CVE-2024-29445,434,1,2024-04-12T00:51:53
CVE-2024-29447,434,1,2024-04-12T00:51:57
CVE-2024-29478,100,1,2024-03-21T03:17:02
CVE-2024-29510,37029,14,2024-07-08T16:57:29
CVE-2024-2958,139,1,2024-05-02T19:28:02
CVE-2024-2961,34,119,2024-06-30T19:21:40
CVE-2024-2973,30153,29,2024-07-02T09:33:31
CVE-2024-29745,1047506,35,2024-04-11T20:05:29
CVE-2024-29748,1329,7,2024-06-13T18:26:17
CVE-2024-29822,5758,8,2024-05-24T03:46:42
CVE-2024-29824,113331,30,2024-06-19T09:59:03
CVE-2024-29834,1093,3,2024-04-03T11:39:33
CVE-2024-29849,178353,75,2024-06-13T03:26:48
CVE-2024-29850,336,1,2024-05-21T21:40:03
CVE-2024-29855,7562,16,2024-06-23T18:42:28
CVE-2024-29863,3555,1,2024-04-15T03:27:06
CVE-2024-29895,4698,26,2024-05-23T10:27:23
CVE-2024-29943,31124,26,2024-07-01T04:12:34
CVE-2024-29944,707,2,2024-03-23T22:34:41
CVE-2024-29945,309,1,2024-03-28T15:10:05
CVE-2024-29972,163,10,2024-06-21T05:27:08
CVE-2024-29973,28,33,2024-07-06T19:40:30
CVE-2024-29988,3554,18,2024-05-10T01:55:40
CVE-2024-29991,145,1,2024-04-19T16:51:33
CVE-2024-30037,4697,2,2024-05-25T21:22:48
CVE-2024-30040,79084,12,2024-05-15T15:20:57
CVE-2024-30043,189084,32,2024-06-13T16:55:45
CVE-2024-30044,2265,2,2024-05-25T14:41:00
CVE-2024-30051,4369,16,2024-05-24T09:19:45
CVE-2024-30056,666,15,2024-05-31T06:15:06
CVE-2024-30078,574866,117,2024-07-01T08:13:48
CVE-2024-30080,158437,45,2024-06-23T17:04:32
CVE-2024-30085,2532,2,2024-06-14T07:51:49
CVE-2024-30088,348,41,2024-07-01T07:12:36
CVE-2024-30103,315265,99,2024-07-07T03:30:54
CVE-2024-30104,289,1,2024-06-11T17:22:19
CVE-2024-30216,4624,1,2024-04-09T05:35:10
CVE-2024-30217,4624,1,2024-04-09T05:35:07
CVE-2024-30249,408,2,2024-04-11T12:10:04
CVE-2024-30251,3554,1,2024-05-13T01:47:22
CVE-2024-30256,616,1,2024-04-18T18:38:50
CVE-2024-30266,52,1,2024-04-04T19:28:46
CVE-2024-30270,88,1,2024-06-19T18:39:47
CVE-2024-3050,786,1,2024-05-29T06:33:10
CVE-2024-3080,153,29,2024-06-29T13:22:18
CVE-2024-30850,832,2,2024-06-16T10:28:50
CVE-2024-3094,587,699,2024-07-06T17:42:52
CVE-2024-3105,3550,1,2024-06-25T01:27:39
CVE-2024-31083,2143,1,2024-04-12T23:55:57
CVE-2024-31142,3940,2,2024-05-07T17:40:39
CVE-2024-31156,943,1,2024-05-12T05:55:10
CVE-2024-3116,43752,38,2024-04-09T00:41:39
CVE-2024-31225,3940,1,2024-05-07T15:16:31
CVE-2024-31317,1275,9,2024-06-25T05:34:40
CVE-2024-31461,3552,3,2024-05-03T01:47:02
CVE-2024-31462,2085,1,2024-04-13T13:26:30
CVE-2024-31497,180530,89,2024-05-14T17:41:10
CVE-2024-31498,1761,27,2024-04-14T07:25:26
CVE-2024-3156,1844,2,2024-06-27T18:35:00
CVE-2024-3157,596,1,2024-07-05T09:28:54
CVE-2024-3159,982,18,2024-05-13T22:36:06
CVE-2024-31819,1667,2,2024-05-28T09:59:25
CVE-2024-31848,42302,24,2024-05-08T08:44:24
CVE-2024-31852,579,1,2024-04-06T23:40:50
CVE-2024-31982,5724,16,2024-06-25T03:56:51
CVE-2024-31989,103,1,2024-05-23T01:36:39
CVE-2024-32002,351,28,2024-06-26T07:41:30
CVE-2024-32019,37,1,2024-04-16T05:40:15
CVE-2024-32038,39,1,2024-04-25T19:24:40
CVE-2024-32113,15448,17,2024-05-14T22:29:20
CVE-2024-32114,254,2,2024-05-03T04:35:27
CVE-2024-32404,66,1,2024-04-27T09:16:06
CVE-2024-32405,66,1,2024-04-27T09:15:55
CVE-2024-32406,66,1,2024-04-27T09:15:36
CVE-2024-32407,66,1,2024-04-27T09:15:19
CVE-2024-32462,186,5,2024-06-10T23:47:36
CVE-2024-32487,757,1,2024-04-15T02:26:18
CVE-2024-32498,107537,16,2024-07-06T02:18:53
CVE-2024-32640,2,3,2024-05-29T18:38:24
CVE-2024-32651,311,1,2024-05-10T05:30:24
CVE-2024-32655,1012,4,2024-05-12T12:19:24
CVE-2024-32656,658,2,2024-04-30T17:35:14
CVE-2024-32672,6893,4,2024-05-13T05:08:31
CVE-2024-3272,310680,25,2024-04-19T00:58:46
CVE-2024-3273,111,77,2024-06-10T10:23:34
CVE-2024-32760,2668,1,2024-06-10T05:21:26
CVE-2024-32764,389,6,2024-04-29T22:37:30
CVE-2024-32766,1156,18,2024-06-22T08:19:37
CVE-2024-32849,289,2,2024-05-08T00:00:51
CVE-2024-32850,1547,4,2024-06-04T02:56:20
CVE-2024-32896,228,45,2024-07-05T00:09:01
CVE-2024-32962,692,3,2024-05-02T09:06:45
CVE-2024-33006,151714,8,2024-05-15T16:37:27
CVE-2024-33113,57729,5,2024-06-26T01:19:08
CVE-2024-3330,1014,4,2024-07-03T04:52:49
CVE-2024-33400,864,1,2024-04-20T00:35:59
CVE-2024-33530,3554,1,2024-05-13T01:18:21
CVE-2024-33655,256,16,2024-06-07T01:21:41
CVE-2024-33667,770,1,2024-06-02T01:54:59
CVE-2024-33788,18120,21,2024-05-10T15:35:10
CVE-2024-33862,786,1,2024-07-06T06:58:34
CVE-2024-33891,82,1,2024-05-01T09:12:09
CVE-2024-3400,1410,778,2024-06-26T16:24:41
CVE-2024-34065,2386,2,2024-06-26T14:50:54
CVE-2024-34102,545433,149,2024-07-08T06:37:43
CVE-2024-34331,48303,18,2024-06-07T00:42:01
CVE-2024-3435,5139,9,2024-05-11T15:48:42
CVE-2024-34350,699,3,2024-05-11T22:14:28
CVE-2024-34351,189,88,2024-06-29T19:34:26
CVE-2024-34397,3055,5,2024-05-12T22:02:08
CVE-2024-34454,879,1,2024-05-28T18:49:17
CVE-2024-34456,910,1,2024-05-08T04:44:04
CVE-2024-34470,67009,29,2024-06-23T02:27:26
CVE-2024-34519,83,1,2024-05-06T05:04:54
CVE-2024-34710,659,1,2024-05-24T03:53:40
CVE-2024-34750,3649,10,2024-07-07T04:29:01
CVE-2024-3478,12382,1,2024-05-02T10:52:19
CVE-2024-3495,3139,5,2024-05-23T18:11:57
CVE-2024-34988,377,1,2024-06-25T07:08:50
CVE-2024-34989,377,1,2024-06-25T07:09:17
CVE-2024-34991,377,1,2024-06-25T07:09:53
CVE-2024-34992,377,1,2024-06-25T07:08:35
CVE-2024-3516,400,5,2024-07-07T17:08:05
CVE-2024-35204,79,1,2024-06-03T15:54:39
CVE-2024-35241,3547,3,2024-06-20T02:35:24
CVE-2024-35242,767,1,2024-06-12T06:45:04
CVE-2024-35248,289,1,2024-06-11T17:22:21
CVE-2024-3584,428,2,2024-06-04T09:51:50
CVE-2024-36036,1817,1,2024-05-31T10:59:21
CVE-2024-36041,883,1,2024-06-02T19:32:10
CVE-2024-36072,1733,2,2024-07-01T06:36:24
CVE-2024-36077,3551,1,2024-06-04T10:56:39
CVE-2024-36104,3551,2,2024-06-12T00:28:03
CVE-2024-36129,13709,12,2024-06-11T11:49:33
CVE-2024-36138,172,1,2024-07-09T02:15:52
CVE-2024-36383,3548,1,2024-06-10T01:41:45
CVE-2024-36401,276719,87,2024-07-06T21:54:06
CVE-2024-36522,676,2,2024-06-06T22:21:01
CVE-2024-36527,168,2,2024-06-20T18:33:29
CVE-2024-3661,226831,105,2024-06-01T04:26:21
CVE-2024-36680,16760,20,2024-06-23T06:27:54
CVE-2024-36682,377,1,2024-06-25T07:08:24
CVE-2024-36787,2309,4,2024-06-11T07:05:17
CVE-2024-36840,1,2,2024-06-18T04:33:20
CVE-2024-36886,103560,9,2024-06-24T04:36:16
CVE-2024-36985,28,1,2024-07-06T19:39:14
CVE-2024-36991,337891,122,2024-07-08T23:20:09
CVE-2024-37032,57445,37,2024-06-29T20:10:57
CVE-2024-37051,11090,4,2024-06-28T10:16:24
CVE-2024-37079,108092,31,2024-06-27T01:10:39
CVE-2024-37081,264,1,2024-07-09T00:36:12
CVE-2024-37085,816,1,2024-06-27T17:21:51
CVE-2024-37086,816,1,2024-06-27T17:21:51
CVE-2024-37087,816,1,2024-06-27T17:21:51
CVE-2024-3727,629,1,2024-05-25T08:17:19
CVE-2024-37313,29300,23,2024-06-20T12:54:32
CVE-2024-37726,7926,16,2024-07-06T05:24:17
CVE-2024-37742,2878,5,2024-06-24T11:05:08
CVE-2024-37902,3550,5,2024-06-27T01:07:22
CVE-2024-3814,615,1,2024-06-15T03:49:15
CVE-2024-3815,615,1,2024-06-15T03:49:16
CVE-2024-3820,419,1,2024-06-04T01:21:42
CVE-2024-3832,37065,10,2024-07-05T11:10:45
CVE-2024-3833,270479,27,2024-07-05T14:22:20
CVE-2024-38344,143354,1,2024-07-04T01:10:30
CVE-2024-38346,950,2,2024-07-08T02:40:37
CVE-2024-38368,30,1,2024-07-02T13:33:51
CVE-2024-38373,1166,1,2024-06-27T09:03:55
CVE-2024-38396,773,1,2024-06-17T12:02:08
CVE-2024-38428,65,1,2024-06-18T09:29:29
CVE-2024-3845,141,1,2024-05-01T22:49:07
CVE-2024-3847,141,1,2024-05-01T22:49:08
CVE-2024-38472,244,1,2024-07-02T11:09:00
CVE-2024-38474,1692,1,2024-07-04T06:46:25
CVE-2024-38513,149365,6,2024-07-06T01:30:15
CVE-2024-38519,10027,4,2024-07-04T22:18:53
CVE-2024-3854,229,1,2024-04-17T12:34:44
CVE-2024-3856,2096,1,2024-04-18T02:42:31
CVE-2024-3902,3550,1,2024-05-01T02:18:02
CVE-2024-3912,6038,3,2024-06-17T08:24:54
CVE-2024-3914,1359,11,2024-06-07T18:09:15
CVE-2024-39154,2766,1,2024-06-27T16:56:58
CVE-2024-39302,68,1,2024-06-29T10:56:16
CVE-2024-39349,95,1,2024-07-08T05:49:15
CVE-2024-3942,139,1,2024-05-02T19:27:53
CVE-2024-39884,8426,23,2024-07-08T16:01:35
CVE-2024-39930,1841,5,2024-07-08T16:08:26
CVE-2024-39943,1635,8,2024-07-07T05:17:25
CVE-2024-4026,14587,5,2024-04-24T23:41:42
CVE-2024-4040,599,92,2024-06-29T10:50:02
CVE-2024-4041,12383,1,2024-05-07T08:00:54
CVE-2024-4058,3553,11,2024-05-06T04:10:49
CVE-2024-4059,1305,3,2024-05-04T02:00:23
CVE-2024-4163,3553,1,2024-05-07T00:59:51
CVE-2024-4177,151221,8,2024-06-14T11:54:18
CVE-2024-4196,599,1,2024-06-28T15:12:09
CVE-2024-4201,4,1,2024-06-16T17:03:22
CVE-2024-4295,25,4,2024-06-10T02:13:32
CVE-2024-4317,3346,5,2024-05-12T16:06:32
CVE-2024-4323,3551,4,2024-06-01T23:43:45
CVE-2024-4332,3549,1,2024-06-14T01:38:55
CVE-2024-4358,257650,103,2024-07-01T19:19:47
CVE-2024-4359,565,1,2024-06-13T08:52:17
CVE-2024-4367,344554,89,2024-06-25T07:52:40
CVE-2024-4397,2570,2,2024-05-13T01:27:55
CVE-2024-4405,411,1,2024-05-03T02:40:03
CVE-2024-4406,815,2,2024-05-02T23:33:12
CVE-2024-4439,238,50,2024-06-17T01:36:16
CVE-2024-4558,428,1,2024-05-13T08:23:08
CVE-2024-4559,340,1,2024-05-09T06:00:03
CVE-2024-4577,452005,409,2024-07-09T03:15:44
CVE-2024-4610,4279,3,2024-06-18T05:18:10
CVE-2024-4620,190,1,2024-06-17T06:33:00
CVE-2024-4622,766,1,2024-06-14T16:33:25
CVE-2024-4671,149379,30,2024-05-31T06:01:13
CVE-2024-4761,3553,8,2024-05-23T04:44:43
CVE-2024-4835,962,6,2024-06-05T02:00:57
CVE-2024-4883,1080,2,2024-07-08T14:36:14
CVE-2024-4885,32557,15,2024-07-09T03:12:04
CVE-2024-4948,2265,2,2024-05-26T15:20:30
CVE-2024-4956,29,108,2024-07-08T03:27:08
CVE-2024-4978,73936,12,2024-06-05T04:24:18
CVE-2024-4985,174692,32,2024-06-06T14:28:02
CVE-2024-5009,6797,3,2024-07-08T14:36:26
CVE-2024-5027,147055,4,2024-05-30T14:26:45
CVE-2024-5035,732,3,2024-05-28T17:43:28
CVE-2024-5037,13,1,2024-06-08T20:18:55
CVE-2024-5084,2256,2,2024-06-10T12:44:28
CVE-2024-5148,967,8,2024-06-05T06:01:56
CVE-2024-5171,3252,1,2024-06-06T03:22:21
CVE-2024-5267,43,1,2024-06-01T16:22:48
CVE-2024-5274,3022,66,2024-06-27T05:02:24
CVE-2024-5275,3550,3,2024-06-28T00:56:30
CVE-2024-5276,21997,13,2024-06-28T08:43:51
CVE-2024-5326,19,1,2024-06-09T01:40:39
CVE-2024-5404,342,1,2024-06-04T07:00:59
CVE-2024-5480,2869,5,2024-06-09T05:09:33
CVE-2024-5488,3546,1,2024-07-05T01:47:57
CVE-2024-5522,3569,2,2024-06-01T09:43:03
CVE-2024-5535,606,7,2024-06-30T06:26:29
CVE-2024-5565,322539,7,2024-06-29T09:52:36
CVE-2024-5585,1239,1,2024-06-11T05:26:55
CVE-2024-5650,150,1,2024-06-20T23:52:11
CVE-2024-5655,81074,48,2024-06-30T13:40:48
CVE-2024-5671,3550,10,2024-06-27T01:54:02
CVE-2024-5806,260605,75,2024-07-07T18:41:35
CVE-2024-5830,10973,6,2024-06-21T06:14:26
CVE-2024-5839,5398,3,2024-06-13T09:41:35
CVE-2024-5989,303,2,2024-06-26T04:37:49
CVE-2024-6027,33686,8,2024-06-23T05:14:26
CVE-2024-6045,1394,4,2024-06-18T09:30:30
CVE-2024-6047,3550,8,2024-06-27T01:07:19
CVE-2024-6257,306,4,2024-07-05T06:24:21
CVE-2024-6376,9840,23,2024-07-08T00:57:02
CVE-2024-6378,4976,9,2024-07-03T01:25:16
CVE-2024-6387,871564,424,2024-07-09T04:01:22
CVE-2424-21887,42,3,2024-02-08T12:42:10
